,movie,year,imdb,metascore,votes
0,Inglourious Basterds,2009,8.3,69        ,1137703
1,Avatar,2009,7.8,83        ,1054491
2,Up,2009,8.2,88        ,856955
3,The Hangover,2009,7.7,73        ,675482
4,District 9,2009,7.9,81        ,608298
5,Star Trek,2009,7.9,82        ,558776
6,Sherlock Holmes,2009,7.6,57        ,552505
7,Zombieland,2009,7.6,73        ,466166
8,Watchmen,2009,7.6,56        ,458716
9,(500) Days of Summer,2009,7.7,76        ,444505
10,X-Men Origins: Wolverine,2009,6.6,40        ,441536
11,Harry Potter and the Half-Blood Prince,2009,7.6,78        ,423913
12,Transformers: Revenge of the Fallen,2009,6.0,35        ,367152
13,2012,2009,5.8,49        ,330652
14,Terminator Salvation,2009,6.5,49        ,323105
15,Moon,2009,7.9,67        ,314318
16,3 Idiots,2009,8.4,67        ,304960
17,Up in the Air,2009,7.4,83        ,302650
18,The Proposal,2009,6.7,48        ,275162
19,The Blind Side,2009,7.6,53        ,269885
20,Public Enemies,2009,7.0,70        ,263238
21,Angels & Demons,2009,6.7,48        ,254945
22,Law Abiding Citizen,2009,7.4,34        ,254784
23,The Twilight Saga: New Moon,2009,4.7,44        ,250506
24,Fast & Furious,2009,6.6,46        ,245233
25,Knowing,2009,6.2,41        ,209950
26,The Road,2009,7.2,64        ,209349
27,Ice Age: Dawn of the Dinosaurs,2009,6.9,50        ,206448
28,Mr. Nobody,2009,7.8,63        ,199369
29,Män som hatar kvinnor,2009,7.8,76        ,199058
30,G.I. Joe: The Rise of Cobra,2009,5.8,32        ,191872
31,The Ugly Truth,2009,6.4,28        ,191650
32,Cloudy with a Chance of Meatballs,2009,6.9,66        ,188136
33,"I Love You, Man",2009,7.0,70        ,186462
34,Coraline,2009,7.7,80        ,180001
35,Fantastic Mr. Fox,2009,7.8,83        ,178759
36,Drag Me to Hell,2009,6.5,83        ,178183
37,Orphan,2009,6.9,42        ,177142
38,El secreto de sus ojos,2009,8.2,80        ,174881
39,The Taking of Pelham 123,2009,6.4,55        ,174741
40,17 Again,2009,6.3,48        ,168623
41,Surrogates,2009,6.3,45        ,163984
42,Night at the Museum: Battle of the Smithsonian,2009,6.0,42        ,162667
43,He's Just Not That Into You,2009,6.4,47        ,150630
44,Adventureland,2009,6.8,76        ,147261
45,The Lovely Bones,2009,6.7,42        ,146735
46,Underworld: Rise of the Lycans,2009,6.6,44        ,143250
47,Invictus,2009,7.3,74        ,141649
48,The Imaginarium of Doctor Parnassus,2009,6.8,65        ,139230
49,Pandorum,2009,6.7,28        ,137533
50,Monsters vs. Aliens,2009,6.5,56        ,137122
51,Brüno,2009,5.8,54        ,135004
52,The Time Traveler's Wife,2009,7.1,47        ,133514
53,Crank: High Voltage,2009,6.2,41        ,132696
54,State of Play,2009,7.1,64        ,128136
55,9,2009,7.1,60        ,126516
56,Gamer,2009,5.8,27        ,125273
57,An Education,2009,7.3,85        ,123676
58,A Serious Man,2009,7.0,79        ,122920
59,The Men Who Stare at Goats,2009,6.2,54        ,122047
60,Daybreakers,2009,6.4,57        ,117338
61,The Princess and the Frog,2009,7.1,73        ,111189
62,Funny People,2009,6.3,60        ,109587
63,The Invention of Lying,2009,6.3,58        ,108054
64,Antichrist,2009,6.6,49        ,107657
65,Jennifer's Body,2009,5.2,47        ,107095
66,Brothers,2009,7.1,58        ,103984
67,The Boat That Rocked,2009,7.4,58        ,102807
68,Push,2009,6.1,36        ,101191
69,Precious,2009,7.3,79        ,100753
70,A Single Man,2009,7.6,77        ,100074
71,Julie & Julia,2009,7.0,66        ,97510
72,Where the Wild Things Are,2009,6.7,71        ,96852
73,Paul Blart: Mall Cop,2009,5.2,39        ,96492
74,Couples Retreat,2009,5.5,23        ,96259
75,Bride Wars,2009,5.5,24        ,95159
76,Saw VI,2009,6.0,30        ,94283
77,A Christmas Carol,2009,6.8,55        ,92534
78,The Final Destination,2009,5.2,30        ,90040
79,Friday the 13th,2009,5.5,34        ,89972
80,Un prophète,2009,7.9,90        ,88570
81,Splice,2009,5.7,66        ,88446
82,I Love You Phillip Morris,2009,6.6,65        ,87699
83,The International,2009,6.5,52        ,87399
84,Year One,2009,4.9,34        ,86830
85,Flickan som lekte med elden,2009,7.2,66        ,85937
86,The Box,2009,5.5,47        ,85738
87,My Sister's Keeper,2009,7.4,51        ,85388
88,It's Complicated,2009,6.5,57        ,81320
89,Harry Brown,2009,7.2,55        ,81087
90,Crazy Heart,2009,7.2,83        ,80005
91,The Last House on the Left,2009,6.5,42        ,79987
92,Ghosts of Girlfriends Past,2009,5.8,34        ,78392
93,Case 39,2009,6.2,25        ,72300
94,The Uninvited,2009,6.3,43        ,72045
95,The Bad Lieutenant: Port of Call - New Orleans,2009,6.6,69        ,71284
96,Confessions of a Shopaholic,2009,5.9,38        ,71255
97,Youth in Revolt,2009,6.4,63        ,70559
98,The Fourth Kind,2009,5.9,34        ,70344
99,Kynodontas,2009,7.3,73        ,70152
100,The Human Centipede (First Sequence),2009,4.4,33        ,68385
101,Whatever Works,2009,7.1,45        ,67377
102,Dragonball Evolution,2009,2.5,45        ,66466
103,Solomon Kane,2009,6.1,48        ,66338
104,Chloe,2009,6.3,48        ,65373
105,Ninja Assassin,2009,6.3,34        ,65023
106,[Rec]²,2009,6.5,52        ,64527
107,A Perfect Getaway,2009,6.5,63        ,64380
108,Luftslottet som sprängdes,2009,7.3,60        ,63607
109,Das weiße Band - Eine deutsche Kindergeschichte,2009,7.8,82        ,63312
110,Enter the Void,2009,7.3,69        ,62189
111,Agora,2009,7.2,55        ,62004
112,Whip It,2009,6.9,68        ,61463
113,Død snø,2009,6.3,61        ,61242
114,Land of the Lost,2009,5.3,32        ,60984
115,The Informant!,2009,6.4,66        ,60402
116,The Boondock Saints II: All Saints Day,2009,6.3,24        ,59008
117,Brooklyn's Finest,2009,6.7,43        ,58356
118,Observe and Report,2009,5.8,54        ,58068
119,The Haunting in Connecticut,2009,5.9,33        ,56800
120,Everybody's Fine,2009,7.1,47        ,56357
121,Fish Tank,2009,7.3,81        ,55195
122,Fanboys,2009,6.6,45        ,54469
123,The Young Victoria,2009,7.3,64        ,54364
124,The Collector,2009,6.4,29        ,53312
125,Valhalla Rising,2009,6.1,61        ,52450
126,Race to Witch Mountain,2009,5.7,52        ,51760
127,In the Loop,2009,7.4,83        ,51414
128,My Bloody Valentine,2009,5.4,51        ,51290
129,Away We Go,2009,7.0,58        ,49852
130,The Soloist,2009,6.7,61        ,49109
131,Planet 51,2009,6.0,39        ,47748
132,The Unborn,2009,4.8,30        ,47419
133,The Cove,2009,8.4,84        ,45469
134,Duplicity,2009,6.1,69        ,45447
135,Halloween II,2009,4.9,35        ,45014
136,Black Dynamite,2009,7.4,65        ,43255
137,Extract,2009,6.1,61        ,42928
138,Banlieue 13: Ultimatum,2009,6.5,64        ,41347
139,Nine,2009,5.8,49        ,40968
140,Cirque du Freak: The Vampire's Assistant,2009,5.9,43        ,40866
141,Fired Up!,2009,6.1,31        ,40769
142,Alvin and the Chipmunks: The Squeakquel,2009,4.5,41        ,39777
143,Capitalism: A Love Story,2009,7.4,61        ,39773
144,The Pink Panther 2,2009,5.6,36        ,39644
145,G-Force,2009,5.1,41        ,39640
146,Darbareye Elly,2009,8.0,87        ,38883
147,Notorious,2009,6.7,60        ,38510
148,The Damned United,2009,7.5,81        ,38433
149,Madeo,2009,7.8,79        ,38303
150,Bakjwi,2009,7.1,73        ,38295
151,All About Steve,2009,4.8,17        ,38020
152,Hannah Montana: The Movie,2009,4.4,47        ,37233
153,The House of the Devil,2009,6.4,73        ,37167
154,The Joneses,2009,6.5,55        ,37057
155,This Is It,2009,7.2,67        ,37015
156,Coco avant Chanel,2009,6.7,65        ,36934
157,Spread,2009,5.9,43        ,36613
158,Los abrazos rotos,2009,7.2,76        ,35965
159,World's Greatest Dad,2009,6.9,69        ,35717
160,Middle Men,2009,6.8,60        ,35348
161,Did You Hear About the Morgans?,2009,4.8,27        ,35173
162,After.Life,2009,5.9,36        ,34728
163,Old Dogs,2009,5.4,19        ,34711
164,Inception,2010,8.8,74        ,1862751
165,Shutter Island,2010,8.1,63        ,1018761
166,Toy Story 3,2010,8.3,92        ,695908
167,Iron Man 2,2010,7.0,57        ,667250
168,Black Swan,2010,8.0,79        ,654325
169,How to Train Your Dragon,2010,8.1,74        ,617690
170,The King's Speech,2010,8.0,88        ,598056
171,The Social Network,2010,7.7,95        ,573336
172,Kick-Ass,2010,7.6,66        ,500786
173,Despicable Me,2010,7.6,72        ,469061
174,Harry Potter and the Deathly Hallows: Part 1,2010,7.7,65        ,430804
175,Tangled,2010,7.7,71        ,370835
176,Alice in Wonderland,2010,6.4,53        ,361534
177,Scott Pilgrim vs. the World,2010,7.5,69        ,343008
178,Easy A,2010,7.1,72        ,333653
179,127 Hours,2010,7.6,82        ,326830
180,The Town,2010,7.5,74        ,325372
181,The Fighter,2010,7.8,79        ,318746
182,The Expendables,2010,6.5,45        ,309877
183,Due Date,2010,6.5,51        ,305617
184,Tron,2010,6.8,49        ,298057
185,True Grit,2010,7.6,80        ,286853
186,Salt,2010,6.4,65        ,278959
187,The Book of Eli,2010,6.9,53        ,274277
188,RED,2010,7.0,60        ,273239
189,Clash of the Titans,2010,5.8,39        ,258219
190,Insidious,2010,6.8,52        ,257361
191,Prince of Persia: The Sands of Time,2010,6.6,50        ,257219
192,Robin Hood,2010,6.6,53        ,240956
193,The A-Team,2010,6.7,47        ,236668
194,The Other Guys,2010,6.6,64        ,223771
195,The Twilight Saga: Eclipse,2010,5.0,58        ,213438
196,Grown Ups,2010,5.9,30        ,213132
197,Megamind,2010,7.2,63        ,210378
198,The Tourist,2010,6.0,37        ,208375
199,Predators,2010,6.4,51        ,201319
200,Machete,2010,6.6,60        ,183251
201,Unstoppable,2010,6.7,69        ,174263
202,Blue Valentine,2010,7.4,81        ,171559
203,Knight and Day,2010,6.3,46        ,170853
204,The Next Three Days,2010,7.4,52        ,169642
205,Shrek Forever After,2010,6.3,58        ,169604
206,Love & Other Drugs,2010,6.7,55        ,169112
207,Percy Jackson & the Olympians: The Lightning Thief,2010,5.9,47        ,166452
208,Get Him to the Greek,2010,6.4,65        ,162459
209,Tucker and Dale vs Evil,2010,7.5,65        ,155072
210,Hot Tub Time Machine,2010,6.4,63        ,154935
211,Resident Evil: Afterlife,2010,5.8,37        ,154276
212,The Ghost Writer,2010,7.2,77        ,149089
213,The Karate Kid,2010,6.2,61        ,147871
214,Date Night,2010,6.3,56        ,145598
215,The Sorcerer's Apprentice,2010,6.1,46        ,144836
216,Buried,2010,7.0,65        ,140547
217,The Last Airbender,2010,4.1,20        ,138783
218,The Chronicles of Narnia: The Voyage of the Dawn Treader,2010,6.3,53        ,131027
219,Never Let Me Go,2010,7.1,69        ,130880
220,Remember Me,2010,7.1,40        ,130336
221,Dear John,2010,6.3,43        ,129847
222,Winter's Bone,2010,7.2,90        ,128510
223,Incendies,2010,8.3,80        ,126380
224,It's Kind of a Funny Story,2010,7.1,63        ,126180
225,Devil,2010,6.2,44        ,122810
226,Green Zone,2010,6.8,63        ,122704
227,The Kids Are All Right,2010,7.0,86        ,121146
228,She's Out of My League,2010,6.4,46        ,118173
229,Life as We Know It,2010,6.5,39        ,114040
230,The Bounty Hunter,2010,5.6,22        ,113483
231,Valentine's Day,2010,5.7,34        ,107799
232,Let Me In,2010,7.1,79        ,107696
233,From Paris with Love,2010,6.5,42        ,107631
234,The Crazies,2010,6.5,55        ,105162
235,The Way Back,2010,7.3,66        ,102819
236,Little Fockers,2010,5.5,27        ,100033
237,The Wolfman,2010,5.8,43        ,98586
238,Repo Men,2010,6.3,32        ,96549
239,Ang-ma-reul bo-at-da,2010,7.8,67        ,95352
240,Faster,2010,6.4,44        ,94272
241,Wall Street: Money Never Sleeps,2010,6.2,59        ,93975
242,Paranormal Activity 2,2010,5.6,53        ,93753
243,Legion,2010,5.2,32        ,93491
244,Dinner for Schmucks,2010,5.9,56        ,92291
245,My Name Is Khan,2010,8.0,50        ,91789
246,The Switch,2010,6.1,52        ,91336
247,Hereafter,2010,6.4,56        ,87593
248,Yip Man 2,2010,7.5,67        ,87528
249,The American,2010,6.3,61        ,87432
250,Leap Year,2010,6.5,33        ,87106
251,Letters to Juliet,2010,6.5,50        ,86779
252,A Nightmare on Elm Street,2010,5.2,35        ,86206
253,Edge of Darkness,2010,6.6,55        ,85196
254,The Losers,2010,6.3,44        ,84903
255,Monsters,2010,6.4,63        ,84704
256,Saw 3D,2010,5.6,24        ,84279
257,Beginners,2010,7.2,81        ,84187
258,Skyline,2010,4.4,26        ,84043
259,Killers,2010,5.4,21        ,82776
260,Cop Out,2010,5.6,31        ,82083
261,Piranha 3D,2010,5.4,53        ,81978
262,Biutiful,2010,7.5,58        ,80889
263,Submarine,2010,7.3,76        ,80363
264,Eat Pray Love,2010,5.8,50        ,78656
265,The Last Song,2010,5.9,33        ,75799
266,Flipped,2010,7.7,45        ,75551
267,Tropa de Elite 2: O Inimigo Agora é Outro,2010,8.0,71        ,75479
268,Centurion,2010,6.4,62        ,74517
269,Legend of the Guardians: The Owls of Ga'Hoole,2010,6.9,53        ,74238
270,Burlesque,2010,6.4,47        ,71687
271,Super,2010,6.7,50        ,71126
272,Sex and the City 2,2010,4.4,27        ,69790
273,I Spit on Your Grave,2010,6.3,27        ,69286
274,Kari-gurashi no Arietti,2010,7.6,80        ,69077
275,Morning Glory,2010,6.5,57        ,68141
276,Four Lions,2010,7.3,68        ,66726
277,Inside Job,2010,8.2,88        ,65719
278,Trolljegeren,2010,7.0,61        ,64076
279,Frozen,2010,6.1,43        ,62846
280,Gulliver's Travels,2010,4.9,33        ,61731
281,The Debt,2010,6.8,65        ,61474
282,Exit Through the Gift Shop,2010,8.0,85        ,59044
283,Jûsan-nin no shikaku,2010,7.6,84        ,58473
284,When in Rome,2010,5.6,25        ,57736
285,Senna,2010,8.6,79        ,56039
286,Charlie St. Cloud,2010,6.4,37        ,55399
287,Going the Distance,2010,6.3,51        ,54677
288,Takers,2010,6.2,45        ,53834
289,Jackass 3D,2010,7.0,56        ,53762
290,Step Up 3D,2010,6.2,45        ,53383
291,Jonah Hex,2010,4.7,33        ,52200
292,Animal Kingdom,2010,7.3,83        ,51854
293,All Good Things,2010,6.3,57        ,50009
294,Hesher,2010,7.0,45        ,48761
295,You Again,2010,5.8,28        ,46987
296,The Back-up Plan,2010,5.3,34        ,46431
297,Everything Must Go,2010,6.4,65        ,46079
298,The Last Exorcism,2010,5.6,63        ,46034
299,Rabbit Hole,2010,7.0,76        ,45552
300,Last Night,2010,6.6,50        ,44941
301,London Boulevard,2010,6.2,52        ,44796
302,Don't Be Afraid of the Dark,2010,5.5,56        ,44718
303,Vampires Suck,2010,3.4,18        ,44322
304,Fair Game,2010,6.8,69        ,44095
305,The Runaways,2010,6.5,65        ,44045
306,Death at a Funeral,2010,5.7,51        ,42712
307,You Will Meet a Tall Dark Stranger,2010,6.3,51        ,41775
308,How Do You Know,2010,5.4,46        ,41421
309,Black Death,2010,6.4,71        ,41396
310,The Company Men,2010,6.8,69        ,41375
311,Somewhere,2010,6.3,67        ,40474
312,MacGruber,2010,5.5,43        ,40192
313,Conviction,2010,7.2,61        ,39984
314,Trust,2010,6.9,60        ,39586
315,Diary of a Wimpy Kid,2010,6.2,56        ,39066
316,Stake Land,2010,6.5,66        ,38955
317,Catfish,2010,7.1,65        ,38824
318,Stone,2010,5.4,58        ,38805
319,13,2010,6.1,29        ,38623
320,The Ward,2010,5.6,38        ,38484
321,Tooth Fairy,2010,5.0,36        ,38467
322,The Spy Next Door,2010,5.4,27        ,37145
323,Hævnen,2010,7.6,65        ,36720
324,Wild Target,2010,6.8,41        ,34097
325,Greenberg,2010,6.1,76        ,33873
326,Cyrus,2010,6.3,74        ,32658
327,L'illusionniste,2010,7.5,82        ,31920
328,The Killer Inside Me,2010,6.1,53        ,31850
329,Rubber,2010,5.8,59        ,31716
330,6 Souls,2010,6.1,28        ,30593
331,The Whistleblower,2010,7.1,59        ,30016
332,"Tomorrow, When the War Began",2010,6.2,54        ,29338
333,Happythankyoumoreplease,2010,6.8,45        ,28395
334,Harry Potter and the Deathly Hallows: Part 2,2011,8.1,87        ,699167
335,Thor,2011,7.0,57        ,692773
336,The Intouchables,2011,8.5,57        ,686252
337,Captain America: The First Avenger,2011,6.9,66        ,678291
338,X: First Class,2011,7.7,65        ,614876
339,Drive,2011,7.8,78        ,526374
340,Limitless,2011,7.4,59        ,496370
341,Rise of the Planet of the Apes,2011,7.6,68        ,475709
342,Source Code,2011,7.5,74        ,455748
343,Pirates of the Caribbean: On Stranger Tides,2011,6.6,45        ,451404
344,"Crazy, Stupid, Love.",2011,7.4,68        ,440056
345,The Hangover Part II,2011,6.4,44        ,436304
346,Mission: Impossible - Ghost Protocol,2011,7.4,73        ,431561
347,Warrior,2011,8.2,71        ,406850
348,Horrible Bosses,2011,6.9,57        ,401287
349,Sherlock Holmes: A Game of Shadows,2011,7.5,48        ,397026
350,The Help,2011,8.1,62        ,396257
351,The Girl with the Dragon Tattoo,2011,7.8,71        ,390711
352,Transformers: Dark of the Moon,2011,6.2,42        ,368460
353,Midnight in Paris,2011,7.7,81        ,359465
354,In Time,2011,6.7,53        ,348523
355,The Cabin in the Woods,2011,7.0,72        ,342238
356,Fast Five,2011,7.3,66        ,332949
357,Moneyball,2011,7.6,87        ,329991
358,Super 8,2011,7.0,72        ,322169
359,Friends with Benefits,2011,6.5,63        ,319747
360,50/50,2011,7.6,72        ,302672
361,Hugo,2011,7.5,83        ,286564
362,Real Steel,2011,7.1,56        ,284845
363,Green Lantern,2011,5.5,39        ,253783
364,Bridesmaids,2011,6.8,75        ,251622
365,Unknown,2011,6.8,56        ,236414
366,Kung Fu Panda 2,2011,7.2,67        ,231648
367,The Grey,2011,6.8,64        ,230032
368,The Adjustment Bureau,2011,7.0,60        ,229308
369,The Descendants,2011,7.3,84        ,224460
370,Paul,2011,7.0,57        ,222089
371,Sucker Punch,2011,6.0,33        ,219477
372,I Am Number Four,2011,6.1,36        ,218962
373,The Artist,2011,7.9,89        ,218277
374,Rango,2011,7.2,75        ,218026
375,The Twilight Saga: Breaking Dawn - Part 1,2011,4.9,45        ,210024
376,The Ides of March,2011,7.1,67        ,208105
377,Just Go with It,2011,6.4,33        ,203951
378,The Adventures of Tintin,2011,7.3,68        ,203911
379,Contagion,2011,6.6,70        ,202624
380,Jodaeiye Nader az Simin,2011,8.3,95        ,200007
381,No Strings Attached,2011,6.2,50        ,199383
382,The Lincoln Lawyer,2011,7.3,63        ,197366
383,Cowboys & Aliens,2011,6.0,50        ,197108
384,Rio,2011,6.9,63        ,193238
385,Bad Teacher,2011,5.6,47        ,182463
386,Hanna,2011,6.8,65        ,180136
387,Serbuan Maut,2011,7.6,73        ,177591
388,Tinker Tailor Soldier Spy,2011,7.1,85        ,175885
389,Shame,2011,7.2,72        ,172446
390,Battle Los Angeles,2011,5.7,37        ,167761
391,The Tree of Life,2011,6.8,85        ,157267
392,The Change-Up,2011,6.3,39        ,156613
393,Melancholia,2011,7.1,80        ,154786
394,Immortals,2011,6.0,46        ,153831
395,The Green Hornet,2011,5.8,39        ,149320
396,The Mechanic,2011,6.6,49        ,142442
397,Cars 2,2011,6.2,57        ,141780
398,War Horse,2011,7.2,72        ,137497
399,Puss in Boots,2011,6.6,65        ,134523
400,One Day,2011,7.0,48        ,129110
401,We Bought a Zoo,2011,7.1,58        ,127673
402,Tower Heist,2011,6.2,59        ,125844
403,We Need to Talk About Kevin,2011,7.5,68        ,124894
404,La piel que habito,2011,7.6,70        ,124808
405,Scream 4,2011,6.1,52        ,119651
406,Killer Elite,2011,6.5,44        ,118320
407,J. Edgar,2011,6.5,59        ,116634
408,Hall Pass,2011,5.8,45        ,114538
409,The Thing,2011,6.2,49        ,112811
410,Carnage,2011,7.2,61        ,112159
411,Johnny English Reborn,2011,6.3,46        ,112096
412,Priest,2011,5.7,41        ,109056
413,Margin Call,2011,7.1,76        ,107930
414,Water for Elephants,2011,6.9,52        ,106391
415,Ghost Rider: Spirit of Vengeance,2011,4.3,34        ,104484
416,Red Riding Hood,2011,5.4,29        ,102969
417,Final Destination 5,2011,5.8,50        ,99028
418,The Three Musketeers,2011,5.7,35        ,98923
419,The Iron Lady,2011,6.4,54        ,96919
420,The Rum Diary,2011,6.2,56        ,95170
421,Fright Night,2011,6.3,64        ,95067
422,Attack the Block,2011,6.6,75        ,94406
423,A Dangerous Method,2011,6.4,76        ,93775
424,Extremely Loud & Incredibly Close,2011,6.9,46        ,93637
425,Your Highness,2011,5.5,31        ,93492
426,Hodejegerne,2011,7.5,72        ,91755
427,Conan the Barbarian,2011,5.2,36        ,91296
428,Drive Angry,2011,5.4,44        ,90677
429,Colombiana,2011,6.4,45        ,88281
430,30 Minutes or Less,2011,6.1,49        ,87907
431,The Best Exotic Marigold Hotel,2011,7.2,62        ,86353
432,Another Earth,2011,7.0,66        ,86347
433,Season of the Witch,2011,5.4,28        ,86337
434,The Rite,2011,6.0,38        ,86211
435,Paranormal Activity 3,2011,5.8,59        ,86186
436,Take Shelter,2011,7.4,85        ,84037
437,The Muppets,2011,7.1,75        ,83154
438,Mr. Popper's Penguins,2011,6.0,53        ,81335
439,Our Idiot Brother,2011,6.4,60        ,81197
440,You're Next,2011,6.5,66        ,80302
441,Goon,2011,6.8,64        ,80185
442,My Week with Marilyn,2011,7.0,65        ,79796
443,Haywire,2011,5.8,67        ,79057
444,The Smurfs,2011,5.4,30        ,78238
445,New Year's Eve,2011,5.7,22        ,77042
446,The Guard,2011,7.3,78        ,75667
447,Jane Eyre,2011,7.3,76        ,75652
448,Justin Bieber: Never Say Never,2011,1.6,52        ,74999
449,Young Adult,2011,6.3,71        ,74737
450,The Inbetweeners Movie,2011,6.7,44        ,73794
451,Abduction,2011,5.1,25        ,72962
452,Beastly,2011,5.6,40        ,72959
453,Jack and Jill,2011,3.3,23        ,72236
454,Detachment,2011,7.7,52        ,70146
455,What's Your Number?,2011,6.1,35        ,68420
456,Killer Joe,2011,6.7,62        ,68251
457,God Bless America,2011,7.2,56        ,66125
458,The Sitter,2011,5.7,39        ,65853
459,A Very Harold & Kumar 3D Christmas,2011,6.3,61        ,62482
460,The Eagle,2011,6.2,55        ,61911
461,The Awakening,2011,6.5,53        ,60563
462,Machine Gun Preacher,2011,6.8,43        ,60355
463,"Jeff, Who Lives at Home",2011,6.5,60        ,60230
464,Dream House,2011,6.0,35        ,60054
465,Red State,2011,6.2,50        ,59585
466,Larry Crowne,2011,6.1,41        ,59430
467,Salmon Fishing in the Yemen,2011,6.8,58        ,59241
468,The Devil's Double,2011,7.1,52        ,58543
469,Like Crazy,2011,6.7,68        ,56184
470,The Darkest Hour,2011,4.9,18        ,55307
471,Something Borrowed,2011,5.9,36        ,54702
472,Bernie,2011,6.8,75        ,54083
473,The Art of Getting By,2011,6.6,36        ,54004
474,Zookeeper,2011,5.2,30        ,53161
475,Win Win,2011,7.1,75        ,51757
476,Apollo 18,2011,5.2,24        ,51738
477,Perfect Sense,2011,7.1,55        ,51560
478,Sanctum,2011,5.9,42        ,51505
479,Gnomeo & Juliet,2011,5.9,53        ,49880
480,Arthur,2011,5.7,36        ,49218
481,Take Me Home Tonight,2011,6.3,42        ,48926
482,Grave Encounters,2011,6.1,33        ,48582
483,The Dilemma,2011,5.3,46        ,48389
484,Don 2,2011,7.1,49        ,46780
485,Martha Marcy May Marlene,2011,6.9,75        ,46154
486,Jin ling shi san chai,2011,7.6,46        ,46112
487,Arthur Christmas,2011,7.1,69        ,45704
488,The Beaver,2011,6.7,60        ,45386
489,Footloose,2011,5.9,58        ,43620
490,Seeking Justice,2011,6.2,38        ,42996
491,Hobo with a Shotgun,2011,6.1,55        ,42184
492,Soul Surfer,2011,7.0,53        ,42069
493,Kill the Irishman,2011,7.1,50        ,41890
494,The Big Year,2011,6.2,53        ,39731
495,Trespass,2011,5.3,37        ,39708
496,Friends with Kids,2011,6.1,55        ,39485
497,Monte Carlo,2011,5.8,43        ,39005
498,Happy Feet Two,2011,5.9,50        ,38772
499,Ironclad,2011,6.1,42        ,38642
500,Anonymous,2011,6.9,50        ,38093
501,The Dark Knight Rises,2012,8.4,78        ,1400995
502,Django Unchained,2012,8.4,81        ,1227416
503,The Avengers,2012,8.0,69        ,1194854
504,The Hunger Games,2012,7.2,68        ,800408
505,The Hobbit: An Unexpected Journey,2012,7.8,58        ,723290
506,Silver Linings Playbook,2012,7.7,81        ,624870
507,Skyfall,2012,7.7,81        ,595692
508,Ted,2012,6.9,62        ,542074
509,Prometheus,2012,7.0,64        ,542043
510,Life of Pi,2012,7.9,79        ,541082
511,Argo,2012,7.7,86        ,538700
512,The Amazing Spider-Man,2012,6.9,66        ,530687
513,Looper,2012,7.4,84        ,504312
514,21 Jump Street,2012,7.2,69        ,481590
515,The Perks of Being a Wallflower,2012,8.0,67        ,425801
516,Wreck-It Ralph,2012,7.7,72        ,349947
517,Brave,2012,7.1,69        ,342886
518,Cloud Atlas,2012,7.4,55        ,328340
519,Men in Black 3,2012,6.8,58        ,314410
520,Flight,2012,7.3,76        ,305506
521,Moonrise Kingdom,2012,7.8,84        ,294165
522,Les Misérables,2012,7.6,63        ,288279
523,Jack Reacher,2012,7.0,50        ,287007
524,The Expendables 2,2012,6.6,51        ,279198
525,Taken 2,2012,6.2,45        ,274949
526,The Bourne Legacy,2012,6.7,61        ,270389
527,Snow White and the Huntsman,2012,6.1,57        ,260543
528,Pitch Perfect,2012,7.2,66        ,258813
529,Zero Dark Thirty,2012,7.4,95        ,253263
530,The Dictator,2012,6.4,58        ,253094
531,Jagten,2012,8.3,77        ,245980
532,John Carter,2012,6.6,51        ,243455
533,Dredd,2012,7.1,60        ,236478
534,Dark Shadows,2012,6.2,55        ,231888
535,Chronicle,2012,7.0,69        ,230527
536,Lincoln,2012,7.3,86        ,230435
537,Total Recall,2012,6.3,43        ,229862
538,The Place Beyond the Pines,2012,7.3,68        ,228696
539,Battleship,2012,5.8,41        ,226388
540,Seven Psychopaths,2012,7.2,66        ,225303
541,The Twilight Saga: Breaking Dawn - Part 2,2012,5.5,52        ,216825
542,Lawless,2012,7.3,58        ,215355
543,End of Watch,2012,7.6,68        ,213195
544,Hotel Transylvania,2012,7.1,47        ,206544
545,Sinister,2012,6.8,53        ,200693
546,Safe House,2012,6.7,52        ,194009
547,American Reunion,2012,6.7,49        ,193371
548,Lo imposible,2012,7.6,73        ,180211
549,Project X,2012,6.6,48        ,179072
550,Ice Age: Continental Drift,2012,6.6,49        ,177584
551,The Vow,2012,6.8,43        ,174878
552,Wrath of the Titans,2012,5.7,37        ,173535
553,This Means War,2012,6.3,31        ,168432
554,The Woman in Black,2012,6.4,62        ,166353
555,Mud,2012,7.4,76        ,157802
556,Madagascar 3: Europe's Most Wanted,2012,6.8,60        ,149017
557,Rise of the Guardians,2012,7.3,57        ,146437
558,Abraham Lincoln: Vampire Hunter,2012,5.9,42        ,143635
559,Underworld Awakening,2012,6.4,39        ,139193
560,Man on a Ledge,2012,6.6,40        ,138147
561,The Master,2012,7.2,86        ,133113
562,Spring Breakers,2012,5.3,63        ,127664
563,Resident Evil: Retribution,2012,5.4,39        ,126056
564,Killing Them Softly,2012,6.2,64        ,124713
565,Magic Mike,2012,6.1,72        ,124693
566,This Is 40,2012,6.2,59        ,119674
567,The Campaign,2012,6.1,50        ,119419
568,The Watch,2012,5.7,36        ,116423
569,Savages,2012,6.5,59        ,116317
570,Safety Not Guaranteed,2012,7.0,72        ,112519
571,Contraband,2012,6.5,51        ,112176
572,Premium Rush,2012,6.5,66        ,105739
573,Seeking a Friend for the End of the World,2012,6.7,59        ,102561
574,Get the Gringo,2012,7.0,60        ,98465
575,Safe,2012,6.5,55        ,97089
576,The Lucky One,2012,6.5,39        ,95121
577,Ruby Sparks,2012,7.2,67        ,91469
578,The Lorax,2012,6.4,46        ,90923
579,Frankenweenie,2012,6.9,74        ,90239
580,Lockout,2012,6.1,48        ,89867
581,The Five-Year Engagement,2012,6.2,62        ,89030
582,ParaNorman,2012,7.0,72        ,87952
583,Amour,2012,7.9,94        ,85625
584,Anna Karenina,2012,6.6,63        ,85412
585,Journey 2: The Mysterious Island,2012,5.8,41        ,84579
586,That's My Boy,2012,5.5,31        ,84024
587,Here Comes the Boom,2012,6.4,40        ,82196
588,Mirror Mirror,2012,5.6,46        ,79980
589,The Raven,2012,6.4,44        ,79866
590,To Rome with Love,2012,6.3,54        ,79834
591,Stuck in Love.,2012,7.2,49        ,79340
592,Beasts of the Southern Wild,2012,7.3,86        ,77715
593,The Words,2012,7.1,37        ,70762
594,Rock of Ages,2012,5.9,47        ,70366
595,Disconnect,2012,7.5,64        ,70361
596,Red Dawn,2012,5.4,31        ,70096
597,Gangs of Wasseypur,2012,8.2,89        ,70049
598,Wanderlust,2012,5.6,53        ,69585
599,Hitchcock,2012,6.8,55        ,68686
600,House at the End of the Street,2012,5.6,31        ,66692
601,Upside Down,2012,6.4,45        ,66672
602,What to Expect When You're Expecting,2012,5.7,41        ,66384
603,The Iceman,2012,6.8,60        ,66068
604,Act of Valor,2012,6.5,40        ,63998
605,The First Time,2012,6.8,55        ,63035
606,Frances Ha,2012,7.4,82        ,60774
607,Robot & Frank,2012,7.1,67        ,59501
608,De rouille et d'os,2012,7.5,73        ,59327
609,Searching for Sugar Man,2012,8.2,79        ,59095
610,Paranormal Activity 4,2012,4.6,40        ,58846
611,The Man with the Iron Fists,2012,5.4,51        ,58543
612,Silent Hill: Revelation,2012,5.0,16        ,57222
613,Trouble with the Curve,2012,6.8,58        ,56479
614,Red Lights,2012,6.2,36        ,55608
615,The Possession,2012,5.9,45        ,53980
616,V/H/S,2012,5.8,55        ,53551
617,Step Up Revolution,2012,6.4,43        ,51570
618,Stand Up Guys,2012,6.5,41        ,50783
619,Arbitrage,2012,6.6,73        ,47113
620,Bullet to the Head,2012,5.7,48        ,45097
621,Bachelorette,2012,5.3,53        ,43430
622,The Odd Life of Timothy Green,2012,6.6,47        ,43004
623,The Collection,2012,6.1,38        ,42588
624,The Imposter,2012,7.5,77        ,42497
625,The Pirates! In an Adventure with Scientists!,2012,6.7,73        ,42250
626,Kon-Tiki,2012,7.2,62        ,42202
627,Cosmopolis,2012,5.0,58        ,42120
628,Stolen,2012,5.5,43        ,41515
629,En kongelig affære,2012,7.5,73        ,41288
630,Think Like a Man,2012,6.6,51        ,41283
631,The Sessions,2012,7.2,79        ,39970
632,People Like Us,2012,7.1,49        ,39825
633,Gone,2012,5.9,36        ,39710
634,Hope Springs,2012,6.3,65        ,38893
635,One for the Money,2012,5.3,22        ,38653
636,Byzantium,2012,6.5,66        ,38542
637,On the Road,2012,6.1,56        ,38056
638,Piranha 3DD,2012,3.7,24        ,37461
639,Holy Motors,2012,7.1,84        ,37262
640,A Thousand Words,2012,5.9,26        ,36737
641,The Broken Circle Breakdown,2012,7.8,70        ,36716
642,The Tall Man,2012,5.9,52        ,36622
643,Deadfall,2012,6.3,52        ,36617
644,Talaash,2012,7.2,65        ,36534
645,Promised Land,2012,6.6,55        ,34835
646,John Dies at the End,2012,6.4,53        ,34627
647,Liberal Arts,2012,6.7,55        ,34308
648,The Paperboy,2012,5.8,45        ,34148
649,The Guilt Trip,2012,5.7,50        ,33956
650,The Devil Inside,2012,4.2,18        ,33677
651,The Cold Light of Day,2012,4.9,22        ,33252
652,Would You Rather,2012,5.7,20        ,32986
653,Maniac,2012,6.1,47        ,32833
654,Hit and Run,2012,6.1,50        ,32564
655,Ookami kodomo no Ame to Yuki,2012,8.1,71        ,32420
656,Red Tails,2012,5.9,46        ,31959
657,The Act of Killing,2012,8.2,90        ,31484
658,Alex Cross,2012,5.1,30        ,31071
659,[Rec]³: Génesis,2012,5.0,45        ,31068
660,The Company You Keep,2012,6.4,57        ,29807
661,Chasing Mavericks,2012,7.1,45        ,29197
662,Compliance,2012,6.4,68        ,28919
663,The Three Stooges,2012,5.0,56        ,28711
664,Celeste & Jesse Forever,2012,6.6,59        ,27736
665,The Wolf of Wall Street,2013,8.2,75        ,1049965
666,Gravity,2013,7.7,96        ,716944
667,Iron Man Three,2013,7.2,62        ,702073
668,Man of Steel,2013,7.1,55        ,652638
669,12 Years a Slave,2013,8.1,96        ,583375
670,The Hunger Games: Catching Fire,2013,7.5,76        ,579518
671,The Hobbit: The Desolation of Smaug,2013,7.8,66        ,569161
672,World War Z,2013,7.0,63        ,558508
673,Now You See Me,2013,7.3,50        ,557621
674,Thor: The Dark World,2013,6.9,54        ,549260
675,Prisoners,2013,8.1,74        ,533533
676,Frozen,2013,7.5,74        ,522440
677,Her,2013,8.0,90        ,473746
678,Oblivion,2013,7.0,54        ,457730
679,Star Trek Into Darkness,2013,7.7,72        ,447530
680,Pacific Rim,2013,6.9,65        ,446662
681,The Great Gatsby,2013,7.3,55        ,438069
682,American Hustle,2013,7.2,90        ,421200
683,Dallas Buyers Club,2013,8.0,84        ,405949
684,The Wolverine,2013,6.7,61        ,405298
685,The Conjuring,2013,7.5,68        ,403779
686,Elysium,2013,6.6,61        ,398577
687,Rush,2013,8.1,75        ,397434
688,Captain Phillips,2013,7.8,83        ,390823
689,We're the Millers,2013,7.0,44        ,374923
690,This Is the End,2013,6.6,67        ,363399
691,Furious 6,2013,7.1,61        ,349715
692,Despicable Me 2,2013,7.4,62        ,347564
693,Monsters University,2013,7.3,65        ,295835
694,The Secret Life of Walter Mitty,2013,7.3,54        ,277073
695,The Hangover Part III,2013,5.8,30        ,273640
696,About Time,2013,7.8,55        ,268308
697,Lone Survivor,2013,7.5,60        ,248802
698,Snowpiercer,2013,7.1,84        ,244381
699,Kick-Ass 2,2013,6.5,41        ,240969
700,The World's End,2013,7.0,81        ,238583
701,Olympus Has Fallen,2013,6.5,41        ,237437
702,Don Jon,2013,6.5,66        ,217628
703,Escape Plan,2013,6.7,49        ,213764
704,Ender's Game,2013,6.6,51        ,212981
705,The Lone Ranger,2013,6.4,37        ,210182
706,Warm Bodies,2013,6.9,60        ,209834
707,Gangster Squad,2013,6.7,40        ,196617
708,White House Down,2013,6.4,52        ,193345
709,Oz the Great and Powerful,2013,6.3,44        ,192875
710,A Good Day to Die Hard,2013,5.3,28        ,189570
711,Pain & Gain,2013,6.4,45        ,189169
712,The Purge,2013,5.7,41        ,185923
713,Hansel & Gretel: Witch Hunters,2013,6.1,23        ,184885
714,2 Guns,2013,6.7,55        ,183387
715,After Earth,2013,4.8,33        ,182861
716,The Internship,2013,6.3,42        ,180882
717,Blue Jasmine,2013,7.3,78        ,180702
718,The Croods,2013,7.2,55        ,178527
719,Side Effects,2013,7.1,75        ,169834
720,G.I. Joe: Retaliation,2013,5.8,41        ,166385
721,Mama,2013,6.2,57        ,160254
722,Anchorman 2: The Legend Continues,2013,6.3,61        ,157599
723,The Heat,2013,6.6,60        ,154500
724,RED 2,2013,6.6,47        ,149984
725,Evil Dead,2013,6.5,57        ,147464
726,Enemy,2013,6.9,61        ,145964
727,Riddick,2013,6.4,49        ,145913
728,Insidious: Chapter 2,2013,6.6,40        ,143092
729,Saving Mr. Banks,2013,7.5,65        ,142039
730,47 Ronin,2013,6.2,28        ,137671
731,The Spectacular Now,2013,7.1,82        ,135184
732,The Way Way Back,2013,7.4,68        ,133421
733,Begin Again,2013,7.4,62        ,131112
734,Grown Ups 2,2013,5.4,19        ,130286
735,The Last Stand,2013,6.3,54        ,127207
736,Carrie,2013,5.9,53        ,126297
737,La vie d'Adèle,2013,7.8,88        ,125963
738,Inside Llewyn Davis,2013,7.5,93        ,125002
739,Before Midnight,2013,7.9,94        ,124775
740,Jack the Giant Slayer,2013,6.2,51        ,124332
741,The Mortal Instruments: City of Bones,2013,5.9,33        ,122604
742,Last Vegas,2013,6.6,48        ,122029
743,Locke,2013,7.1,81        ,122016
744,The Book Thief,2013,7.6,53        ,119895
745,Identity Thief,2013,5.7,35        ,116883
746,Under the Skin,2013,6.3,78        ,114638
747,R.I.P.D.,2013,5.6,25        ,110500
748,Oculus,2013,6.5,61        ,108040
749,Nymphomaniac: Vol. I,2013,6.9,64        ,108030
750,Parker,2013,6.2,42        ,106333
751,The Host,2013,5.9,35        ,106254
752,Nebraska,2013,7.7,86        ,105882
753,Trance,2013,6.9,61        ,105595
754,The Call,2013,6.7,51        ,104753
755,The Family,2013,6.3,42        ,103270
756,Percy Jackson: Sea of Monsters,2013,5.8,39        ,103200
757,The Butler,2013,7.2,66        ,103077
758,Only God Forgives,2013,5.7,37        ,101358
759,Out of the Furnace,2013,6.8,63        ,99685
760,Homefront,2013,6.5,40        ,99519
761,Stoker,2013,6.8,58        ,97984
762,Safe Haven,2013,6.7,34        ,97899
763,La migliore offerta,2013,7.8,49        ,97126
764,Epic,2013,6.7,52        ,95813
765,Filth,2013,7.1,56        ,94364
766,Movie 43,2013,4.3,18        ,93843
767,The Counselor,2013,5.3,48        ,92538
768,Coherence,2013,7.2,65        ,91199
769,Jobs,2013,5.9,44        ,89464
770,Philomena,2013,7.6,77        ,89320
771,Bad Grandpa,2013,6.5,54        ,86108
772,Cloudy with a Chance of Meatballs 2,2013,6.4,59        ,82017
773,Only Lovers Left Alive,2013,7.3,79        ,81975
774,Beautiful Creatures,2013,6.1,52        ,80299
775,August: Osage County,2013,7.2,58        ,79941
776,Nymphomaniac: Vol. II,2013,6.7,60        ,79924
777,Snitch,2013,6.4,51        ,78715
778,42,2013,7.5,62        ,78391
779,The Bling Ring,2013,5.6,66        ,78189
780,Turbo,2013,6.4,58        ,75628
781,Short Term 12,2013,8.0,82        ,74024
782,The Kings of Summer,2013,7.1,61        ,73794
783,La grande bellezza,2013,7.8,86        ,73023
784,Broken City,2013,6.2,49        ,72117
785,All Is Lost,2013,6.9,87        ,71487
786,Delivery Man,2013,6.4,44        ,71282
787,Horns,2013,6.5,46        ,70903
788,Machete Kills,2013,5.6,41        ,70514
789,21 & Over,2013,5.8,34        ,69053
790,Fruitvale Station,2013,7.5,85        ,68717
791,The Incredible Burt Wonderstone,2013,5.9,44        ,67998
792,Dark Skies,2013,6.3,50        ,66131
793,The F Word,2013,6.8,59        ,65226
794,Oldboy,2013,5.8,49        ,63884
795,Europa Report,2013,6.4,68        ,63438
796,Hummingbird,2013,6.2,43        ,61872
797,Kaze tachinu,2013,7.8,83        ,61821
798,Dead Man Down,2013,6.5,39        ,61493
799,Scary Movie 5,2013,3.5,11        ,60794
800,Blue Ruin,2013,7.1,77        ,59610
801,Runner Runner,2013,5.6,36        ,58526
802,Blackfish,2013,8.1,83        ,57098
803,Enough Said,2013,7.0,78        ,55991
804,Grudge Match,2013,6.4,35        ,54459
805,Drinking Buddies,2013,6.1,71        ,53830
806,The Frozen Ground,2013,6.4,37        ,52462
807,Ida,2013,7.4,91        ,47339
808,The East,2013,6.8,68        ,47023
809,Chennai Express,2013,6.0,45        ,45175
810,The Big Wedding,2013,5.6,28        ,44612
811,The Double,2013,6.5,68        ,44403
812,Bad Words,2013,6.6,57        ,44323
813,Odd Thomas,2013,6.8,45        ,44261
814,Joe,2013,6.9,74        ,43153
815,Dabba,2013,7.8,76        ,43118
816,The Zero Theorem,2013,6.1,50        ,42482
817,Le passé,2013,7.8,85        ,41547
818,The Colony,2013,5.3,28        ,41038
819,Dhoom:3,2013,5.4,61        ,40752
820,A Haunted House,2013,5.0,20        ,40678
821,Planes,2013,5.7,39        ,40175
822,Starred Up,2013,7.4,81        ,39618
823,Labor Day,2013,6.9,52        ,39618
824,Interstellar,2014,8.6,74        ,1319834
825,Guardians of the Galaxy,2014,8.1,76        ,964230
826,Gone Girl,2014,8.1,79        ,771516
827,Captain America: The Winter Soldier,2014,7.8,70        ,676623
828,The Grand Budapest Hotel,2014,8.1,88        ,640796
829,The Imitation Game,2014,8.0,73        ,627487
830,Whiplash,2014,8.5,88        ,627323
831,X-Men: Days of Future Past,2014,8.0,75        ,626611
832,Edge of Tomorrow,2014,7.9,71        ,552406
833,Kingsman: The Secret Service,2014,7.7,60        ,550124
834,Birdman or (The Unexpected Virtue of Ignorance),2014,7.7,87        ,525609
835,John Wick,2014,7.4,68        ,468813
836,The Hobbit: The Battle of the Five Armies,2014,7.4,59        ,442281
837,Ex Machina,2014,7.7,78        ,430395
838,Nightcrawler,2014,7.9,76        ,410987
839,Lucy,2014,6.4,61        ,406716
840,American Sniper,2014,7.3,72        ,405607
841,Divergent,2014,6.7,48        ,402513
842,The Amazing Spider-Man 2,2014,6.6,53        ,392783
843,Dawn of the Planet of the Apes,2014,7.6,79        ,392751
844,The Maze Runner,2014,6.8,57        ,390394
845,Fury,2014,7.6,64        ,386496
846,The Hunger Games: Mockingjay - Part 1,2014,6.6,64        ,382931
847,Big Hero 6,2014,7.8,74        ,376582
848,The Theory of Everything,2014,7.7,72        ,365705
849,Godzilla,2014,6.4,62        ,355429
850,22 Jump Street,2014,7.0,71        ,322704
851,The Fault in Our Stars,2014,7.7,69        ,318986
852,Boyhood,2014,7.9,100        ,317608
853,Maleficent,2014,7.0,56        ,309290
854,The Lego Movie,2014,7.8,83        ,306923
855,The Equalizer,2014,7.2,57        ,305974
856,The Interview,2014,6.5,52        ,288388
857,Transformers: Age of Extinction,2014,5.6,32        ,285389
858,How to Train Your Dragon 2,2014,7.8,76        ,281950
859,Neighbors,2014,6.3,68        ,268244
860,300: Rise of an Empire,2014,6.2,48        ,265226
861,Non-Stop,2014,7.0,56        ,236327
862,Noah,2014,5.8,68        ,230751
863,Predestination,2014,7.5,69        ,228137
864,RoboCop,2014,6.2,52        ,207021
865,Transcendence,2014,6.3,42        ,205890
866,Teenage Mutant Ninja Turtles,2014,5.8,31        ,193208
867,It Follows,2014,6.8,83        ,186042
868,Chef,2014,7.3,68        ,176959
869,The Babadook,2014,6.8,86        ,174510
870,Taken 3,2014,6.0,26        ,166612
871,Dracula Untold,2014,6.3,40        ,166174
872,The Judge,2014,7.4,48        ,164531
873,A Million Ways to Die in the West,2014,6.1,44        ,161633
874,The Expendables 3,2014,6.1,35        ,157907
875,Need for Speed,2014,6.5,39        ,155877
876,Relatos salvajes,2014,8.1,77        ,153607
877,Exodus: Gods and Kings,2014,6.0,52        ,151812
878,Horrible Bosses 2,2014,6.3,40        ,145969
879,Sin City: A Dame to Kill For,2014,6.5,46        ,142119
880,Hercules,2014,6.0,47        ,138090
881,The Drop,2014,7.1,69        ,133553
882,Unbroken,2014,7.2,59        ,131315
883,What We Do in the Shadows,2014,7.7,76        ,129379
884,The Purge: Anarchy,2014,6.4,50        ,127357
885,Foxcatcher,2014,7.0,81        ,126788
886,Annabelle,2014,5.4,37        ,126062
887,Into the Woods,2014,5.9,69        ,124561
888,The Other Woman,2014,6.0,39        ,123787
889,Let's Be Cops,2014,6.4,30        ,122269
890,Dumb and Dumber To,2014,5.6,36        ,119988
891,The Monuments Men,2014,6.1,52        ,118351
892,Still Alice,2014,7.5,72        ,117960
893,Jack Ryan: Shadow Recruit,2014,6.2,57        ,115830
894,Wild,2014,7.1,76        ,111167
895,If I Stay,2014,6.7,46        ,108802
896,Blended,2014,6.5,31        ,108027
897,"Love, Rosie",2014,7.2,44        ,107043
898,A Walk Among the Tombstones,2014,6.5,57        ,105879
899,I Origins,2014,7.4,57        ,105866
900,The Giver,2014,6.5,47        ,105764
901,Serbuan Maut 2: Berandal,2014,8.0,71        ,105624
902,Sex Tape,2014,5.1,36        ,101355
903,Pompeii,2014,5.5,39        ,101196
904,Ride Along,2014,6.2,41        ,95395
905,Night at the Museum: Secret of the Tomb,2014,6.2,47        ,94632
906,That Awkward Moment,2014,6.1,36        ,92834
907,St. Vincent,2014,7.2,64        ,89980
908,Paddington,2014,7.2,77        ,86076
909,Inherent Vice,2014,6.7,81        ,84445
910,The Guest,2014,6.7,76        ,82854
911,3 Days to Kill,2014,6.2,40        ,82211
912,Big Eyes,2014,7.0,62        ,78447
913,Selma,2014,7.5,88        ,78351
914,"I, Frankenstein",2014,5.1,30        ,75318
915,Penguins of Madagascar,2014,6.7,53        ,73303
916,Rio 2,2014,6.3,49        ,73052
917,Frank,2014,7.0,75        ,70634
918,The Hundred-Foot Journey,2014,7.3,55        ,70405
919,A Most Wanted Man,2014,6.8,73        ,68347
920,"As Above, So Below",2014,6.2,38        ,67970
921,Seventh Son,2014,5.5,30        ,67056
922,The Water Diviner,2014,7.0,50        ,67042
923,This Is Where I Leave You,2014,6.6,44        ,65861
924,Before I Go to Sleep,2014,6.3,41        ,65510
925,Deliver Us from Evil,2014,6.2,40        ,64288
926,Unfriended,2014,5.5,59        ,62718
927,Into the Storm,2014,5.8,44        ,61206
928,Two Night Stand,2014,6.4,45        ,61087
929,A Most Violent Year,2014,7.0,79        ,60764
930,The Gambler,2014,6.0,55        ,60547
931,The Best of Me,2014,6.7,29        ,60494
932,The Book of Life,2014,7.3,67        ,60086
933,The November Man,2014,6.3,38        ,59663
934,Magic in the Moonlight,2014,6.6,54        ,59518
935,The Signal,2014,6.1,54        ,58733
936,Mr. Peabody & Sherman,2014,6.8,59        ,57850
937,Sabotage,2014,5.7,41        ,55967
938,Calvary,2014,7.4,77        ,52644
939,Autómata,2014,6.1,37        ,51235
940,The Boxtrolls,2014,6.8,61        ,51176
941,The Legend of Hercules,2014,4.2,22        ,50643
942,Vampire Academy,2014,5.5,31        ,49633
943,Winter's Tale,2014,6.2,31        ,49346
944,Draft Day,2014,6.8,54        ,49302
945,The Voices,2014,6.4,58        ,48953
946,Walk of Shame,2014,6.0,25        ,48459
947,Citizenfour,2014,8.1,88        ,48453
948,The Cobbler,2014,5.8,23        ,48358
949,Veronica Mars,2014,6.8,62        ,47717
950,The Loft,2014,6.3,24        ,47577
951,Pride,2014,7.8,79        ,47253
952,Eliza Graves,2014,6.8,52        ,46592
953,'71,2014,7.2,83        ,46497
954,Before We Go,2014,6.8,31        ,46164
955,Song of the Sea,2014,8.1,85        ,44878
956,Tammy,2014,4.9,39        ,44737
957,Ouija,2014,4.5,38        ,44584
958,Leviafan,2014,7.6,92        ,43771
959,Mommy,2014,8.1,74        ,43667
960,Turist,2014,7.3,87        ,42437
961,Hector and the Search for Happiness,2014,7.0,29        ,42273
962,While We're Young,2014,6.3,77        ,41748
963,Kill the Messenger,2014,6.9,60        ,41616
964,"Deux jours, une nuit",2014,7.3,89        ,41575
965,Tusk,2014,5.3,55        ,41348
966,Million Dollar Arm,2014,7.0,56        ,41262
967,The Rover,2014,6.4,64        ,41040
968,Laggies,2014,6.4,63        ,39219
969,The Inbetweeners 2,2014,6.4,55        ,38738
970,God's Not Dead,2014,4.7,16        ,38319
971,Endless Love,2014,6.3,30        ,38196
972,Time Lapse,2014,6.5,50        ,38053
973,Brick Mansions,2014,5.7,40        ,37791
974,Kis Uykusu,2014,8.2,88        ,37756
975,"Alexander and the Terrible, Horrible, No Good, Very Bad Day",2014,6.2,54        ,37732
976,Paranormal Activity: The Marked Ones,2014,5.0,42        ,37437
977,The Skeleton Twins,2014,6.8,74        ,37019
978,Camp X-Ray,2014,6.9,54        ,36963
979,Ich seh ich seh,2014,6.7,81        ,36269
980,Pawn Sacrifice,2014,7.0,65        ,35448
981,Maps to the Stars,2014,6.2,67        ,35321
982,Wish I Was Here,2014,6.7,43        ,35088
983,Left Behind,2014,3.1,12        ,34045
984,The Salvation,2014,6.7,64        ,33332
985,Cake,2014,6.4,49        ,33309
986,Love & Mercy,2014,7.4,80        ,32624
987,Star Wars: Episode VII - The Force Awakens,2015,8.0,81        ,791104
988,Mad Max: Fury Road,2015,8.1,90        ,790697
989,The Martian,2015,8.0,80        ,689519
990,Avengers: Age of Ultron,2015,7.3,66        ,677101
991,The Revenant,2015,8.0,76        ,630474
992,Inside Out,2015,8.2,94        ,545428
993,Jurassic World,2015,7.0,59        ,544415
994,Ant-Man,2015,7.3,64        ,511938
995,The Hateful Eight,2015,7.8,68        ,447569
996,Spotlight,2015,8.1,93        ,370884
997,Spectre,2015,6.8,60        ,355550
998,Furious Seven,2015,7.2,67        ,338447
999,Sicario,2015,7.6,82        ,333116
1000,Room,2015,8.2,86        ,322445
1001,Mission: Impossible - Rogue Nation,2015,7.4,75        ,315592
1002,The Big Short,2015,7.8,81        ,314248
1003,Fifty Shades of Grey,2015,4.1,46        ,281249
1004,Bridge of Spies,2015,7.6,81        ,265565
1005,The Hunger Games: Mockingjay - Part 2,2015,6.5,65        ,256303
1006,The Man from U.N.C.L.E.,2015,7.3,56        ,243260
1007,Terminator Genisys,2015,6.4,38        ,236891
1008,Creed,2015,7.6,82        ,227682
1009,Spy,2015,7.0,75        ,215668
1010,Chappie,2015,6.8,41        ,215501
1011,Maze Runner: The Scorch Trials,2015,6.3,43        ,203489
1012,Southpaw,2015,7.4,57        ,202007
1013,Insurgent,2015,6.2,42        ,201699
1014,Minions,2015,6.4,56        ,196463
1015,San Andreas,2015,6.0,43        ,195161
1016,Focus,2015,6.6,56        ,194187
1017,The Intern,2015,7.1,51        ,193694
1018,The Lobster,2015,7.1,82        ,186429
1019,Everest,2015,7.1,64        ,182750
1020,Ted 2,2015,6.3,48        ,168200
1021,Jupiter Ascending,2015,5.3,40        ,168124
1022,Straight Outta Compton,2015,7.9,72        ,166687
1023,Tomorrowland,2015,6.4,60        ,162547
1024,The VVitch: A New-England Folktale,2015,6.8,83        ,158687
1025,Black Mass,2015,6.9,68        ,157115
1026,The Danish Girl,2015,7.1,66        ,148539
1027,Cinderella,2015,6.9,67        ,145283
1028,Fantastic Four,2015,4.3,27        ,141436
1029,Legend,2015,6.9,55        ,141056
1030,The Age of Adaline,2015,7.2,51        ,140693
1031,Steve Jobs,2015,7.2,82        ,140177
1032,Pitch Perfect 2,2015,6.4,63        ,132039
1033,The Gift,2015,7.0,77        ,125243
1034,Trainwreck,2015,6.2,75        ,122707
1035,Pixels,2015,5.6,27        ,121184
1036,Crimson Peak,2015,6.5,66        ,120366
1037,Joy,2015,6.6,56        ,119098
1038,Brooklyn,2015,7.5,88        ,118503
1039,Me and Earl and the Dying Girl,2015,7.7,74        ,113841
1040,Get Hard,2015,6.0,34        ,112331
1041,The Walk,2015,7.3,70        ,110761
1042,In the Heart of the Sea,2015,6.9,47        ,109906
1043,The Visit,2015,6.2,55        ,103607
1044,Carol,2015,7.2,95        ,102187
1045,Daddy's Home,2015,6.2,42        ,98437
1046,Burnt,2015,6.6,42        ,97280
1047,Run All Night,2015,6.6,59        ,94808
1048,Hotel Transylvania 2,2015,6.7,44        ,94436
1049,The Good Dinosaur,2015,6.7,66        ,92617
1050,Green Room,2015,7.0,79        ,92586
1051,Paper Towns,2015,6.3,56        ,88676
1052,Vacation,2015,6.1,34        ,88624
1053,The Last Witch Hunter,2015,6.0,34        ,87225
1054,Home,2015,6.6,55        ,86507
1055,Insidious: Chapter 3,2015,6.1,52        ,84368
1056,Self/less,2015,6.5,34        ,81478
1057,Hitman: Agent 47,2015,5.7,28        ,81122
1058,Demolition,2015,7.0,49        ,79357
1059,Hardcore Henry,2015,6.7,51        ,79299
1060,Concussion,2015,7.1,55        ,78497
1061,American Ultra,2015,6.1,50        ,77613
1062,Dope,2015,7.2,72        ,77058
1063,Eddie the Eagle,2015,7.4,54        ,76842
1064,The Duff,2015,6.5,56        ,75912
1065,Goosebumps,2015,6.3,60        ,73762
1066,Eye in the Sky,2015,7.3,73        ,73022
1067,The Invitation,2015,6.7,74        ,72557
1068,Bone Tomahawk,2015,7.1,72        ,72190
1069,Entourage,2015,6.6,38        ,72040
1070,Project Almanac,2015,6.4,47        ,71976
1071,The Longest Ride,2015,7.1,33        ,71059
1072,No Escape,2015,6.8,38        ,70953
1073,Knock Knock,2015,4.9,53        ,69621
1074,Trumbo,2015,7.5,60        ,69467
1075,The Wedding Ringer,2015,6.6,35        ,67334
1076,Youth,2015,7.3,64        ,65110
1077,Beasts of No Nation,2015,7.8,79        ,64885
1078,Mortdecai,2015,5.5,27        ,61983
1079,Child 44,2015,6.5,41        ,60151
1080,Sisters,2015,6.0,58        ,59535
1081,The Night Before,2015,6.4,58        ,59094
1082,Anomalisa,2015,7.3,88        ,58752
1083,Mr. Holmes,2015,6.9,67        ,58489
1084,Pan,2015,5.7,36        ,56307
1085,Krampus,2015,6.1,49        ,55913
1086,Aloha,2015,5.4,40        ,55687
1087,True Story,2015,6.3,50        ,54376
1088,Point Break,2015,5.3,34        ,54325
1089,Poltergeist,2015,4.9,47        ,51979
1090,Irrational Man,2015,6.6,53        ,50861
1091,Le Petit Prince,2015,7.7,70        ,50633
1092,Solace,2015,6.4,36        ,50129
1093,Macbeth,2015,6.6,71        ,49346
1094,Woman in Gold,2015,7.3,51        ,49100
1095,Blackhat,2015,5.4,51        ,48891
1096,Magic Mike XXL,2015,5.6,60        ,48891
1097,Victor Frankenstein,2015,6.0,36        ,48019
1098,The Dressmaker,2015,7.1,47        ,47560
1099,Wild Card,2015,5.6,40        ,46924
1100,Victoria,2015,7.7,77        ,45573
1101,Hot Pursuit,2015,5.1,31        ,45155
1102,Man Up,2015,6.8,69        ,45069
1103,Amy,2015,7.8,85        ,44361
1104,The Man Who Knew Infinity,2015,7.2,56        ,44354
1105,The SpongeBob Movie: Sponge Out of Water,2015,6.0,62        ,44276
1106,Sinister 2,2015,5.3,32        ,42717
1107,Colonia,2015,7.1,33        ,42379
1108,Mr. Right,2015,6.3,52        ,42215
1109,Far from the Madding Crowd,2015,7.1,71        ,41426
1110,Scouts Guide to the Zombie Apocalypse,2015,6.3,32        ,40950
1111,En man som heter Ove,2015,7.7,70        ,40073
1112,Saul fia,2015,7.5,91        ,39684
1113,The Peanuts Movie,2015,7.1,67        ,39471
1114,The Ridiculous 6,2015,4.8,18        ,39435
1115,Yip Man 3,2015,7.1,57        ,39419
1116,Maggie,2015,5.6,52        ,39073
1117,Slow West,2015,6.9,72        ,38736
1118,Dark Places,2015,6.2,39        ,38661
1119,The Lazarus Effect,2015,5.2,31        ,38195
1120,Love,2015,6.1,51        ,38055
1121,Secret in Their Eyes,2015,6.3,45        ,38018
1122,The Transporter Refueled,2015,5.2,32        ,36585
1123,Sleeping with Other People,2015,6.5,64        ,36569
1124,The Gunman,2015,5.8,39        ,36526
1125,Last Knights,2015,6.2,27        ,36359
1126,Absolutely Anything,2015,6.0,31        ,35259
1127,The Boy Next Door,2015,4.7,30        ,35120
1128,Hot Tub Time Machine 2,2015,5.1,29        ,34744
1129,Going Clear: Scientology & the Prison of Belief,2015,8.0,80        ,34669
1130,Suffragette,2015,6.9,67        ,34631
1131,High-Rise,2015,5.6,65        ,34226
1132,Regression,2015,5.7,32        ,33726
1133,Shaun the Sheep Movie,2015,7.3,81        ,33348
1134,The Stanford Prison Experiment,2015,6.9,67        ,33015
1135,We Are Your Friends,2015,6.2,46        ,32852
1136,The 33,2015,6.9,55        ,32627
1137,"McFarland, USA",2015,7.4,60        ,32118
1138,Mustang,2015,7.6,83        ,31354
1139,Paul Blart: Mall Cop 2,2015,4.4,13        ,31249
1140,The Final Girls,2015,6.6,59        ,30620
1141,Deadpool,2016,8.0,65        ,832385
1142,Captain America: Civil War,2016,7.8,75        ,596130
1143,Batman v Superman: Dawn of Justice,2016,6.5,44        ,582537
1144,Suicide Squad,2016,6.0,40        ,540660
1145,Doctor Strange,2016,7.5,72        ,528024
1146,Arrival,2016,7.9,81        ,524906
1147,Rogue One,2016,7.8,65        ,485368
1148,La La Land,2016,8.0,93        ,442932
1149,Zootopia,2016,8.0,78        ,389830
1150,Hacksaw Ridge,2016,8.1,71        ,374023
1151,Fantastic Beasts and Where to Find Them,2016,7.3,66        ,370850
1152,Split,2016,7.3,62        ,368438
1153,X-Men: Apocalypse,2016,7.0,52        ,363359
1154,Passengers,2016,7.0,41        ,315397
1155,10 Cloverfield Lane,2016,7.2,76        ,264010
1156,The Nice Guys,2016,7.4,70        ,244481
1157,The Jungle Book,2016,7.4,77        ,243697
1158,The Accountant,2016,7.3,51        ,236117
1159,Moonlight,2016,7.4,99        ,232739
1160,Moana,2016,7.6,81        ,229642
1161,Warcraft,2016,6.8,32        ,227622
1162,Now You See Me 2,2016,6.5,46        ,219810
1163,Manchester by the Sea,2016,7.8,96        ,217941
1164,Finding Dory,2016,7.3,77        ,217079
1165,Star Trek Beyond,2016,7.1,68        ,211969
1166,Nocturnal Animals,2016,7.5,67        ,208835
1167,Sully,2016,7.4,74        ,206847
1168,The Conjuring 2,2016,7.3,65        ,199242
1169,Jason Bourne,2016,6.6,58        ,192490
1170,Don't Breathe,2016,7.1,71        ,190860
1171,Ghostbusters,2016,5.2,60        ,189214
1172,Lion,2016,8.0,69        ,185305
1173,Hell or High Water,2016,7.6,88        ,179585
1174,Me Before You,2016,7.4,51        ,178947
1175,Hidden Figures,2016,7.8,74        ,174355
1176,The Magnificent Seven,2016,6.9,54        ,170377
1177,Assassin's Creed,2016,5.7,36        ,169033
1178,The Secret Life of Pets,2016,6.5,61        ,166303
1179,The Promise,2016,5.9,49        ,164833
1180,Captain Fantastic,2016,7.9,72        ,162834
1181,Sausage Party,2016,6.2,66        ,161000
1182,Independence Day: Resurgence,2016,5.2,32        ,156811
1183,War Dogs,2016,7.1,57        ,156659
1184,The Girl on the Train,2016,6.5,48        ,153762
1185,The Legend of Tarzan,2016,6.2,44        ,151938
1186,Miss Peregrine's Home for Peculiar Children,2016,6.7,57        ,142458
1187,Central Intelligence,2016,6.3,52        ,141693
1188,Inferno,2016,6.2,42        ,140773
1189,Kimi no na wa.,2016,8.4,79        ,140361
1190,Deepwater Horizon,2016,7.1,68        ,135234
1191,Allied,2016,7.1,60        ,127783
1192,London Has Fallen,2016,5.9,28        ,126611
1193,Jack Reacher: Never Go Back,2016,6.1,47        ,123910
1194,Snowden,2016,7.3,58        ,121037
1195,Sing,2016,7.1,59        ,118492
1196,Kung Fu Panda 3,2016,7.1,66        ,118406
1197,The Great Wall,2016,5.9,42        ,113317
1198,Busanhaeng,2016,7.5,72        ,112779
1199,"Hail, Caesar!",2016,6.3,72        ,112539
1200,The Shallows,2016,6.3,59        ,108993
1201,Kubo and the Two Strings,2016,7.8,84        ,107122
1202,13 Hours,2016,7.3,48        ,105190
1203,Neighbors 2: Sorority Rising,2016,5.7,58        ,104372
1204,Nerve,2016,6.5,58        ,104203
1205,Dirty Grandpa,2016,5.9,21        ,102965
1206,Lights Out,2016,6.3,58        ,102633
1207,Bad Moms,2016,6.2,60        ,102491
1208,The Founder,2016,7.2,66        ,100618
1209,Allegiant,2016,5.7,33        ,96921
1210,Gods of Egypt,2016,5.4,25        ,96293
1211,Swiss Army Man,2016,7.0,64        ,93401
1212,The 5th Wave,2016,5.2,33        ,91704
1213,Why Him?,2016,6.2,39        ,90941
1214,The Edge of Seventeen,2016,7.3,77        ,89697
1215,Hunt for the Wilderpeople,2016,7.9,81        ,89231
1216,The Huntsman: Winter's War,2016,6.1,35        ,88890
1217,Fences,2016,7.2,79        ,88153
1218,Money Monster,2016,6.5,55        ,87601
1219,Silence,2016,7.1,79        ,86651
1220,Grimsby,2016,6.2,44        ,83252
1221,Ah-ga-ssi,2016,8.1,84        ,82048
1222,Hush,2016,6.6,67        ,81715
1223,The Purge: Election Year,2016,6.0,55        ,81329
1224,Alice Through the Looking Glass,2016,6.2,34        ,81315
1225,Collateral Beauty,2016,6.8,23        ,79939
1226,The Autopsy of Jane Doe,2016,6.8,65        ,79095
1227,Teenage Mutant Ninja Turtles: Out of the Shadows,2016,6.0,40        ,78138
1228,Patriots Day,2016,7.4,69        ,77659
1229,Mike and Dave Need Wedding Dates,2016,6.0,51        ,76001
1230,Resident Evil: The Final Chapter,2016,5.5,49        ,75955
1231,Sing Street,2016,8.0,79        ,75775
1232,How to Be Single,2016,6.1,51        ,75118
1233,The Neon Demon,2016,6.2,51        ,74044
1234,A Cure for Wellness,2016,6.4,47        ,72133
1235,A Monster Calls,2016,7.5,76        ,71793
1236,Angry Birds,2016,6.3,43        ,70999
1237,The BFG,2016,6.4,66        ,70145
1238,The Boy,2016,6.0,42        ,69970
1239,Midnight Special,2016,6.6,76        ,68656
1240,Mechanic: Resurrection,2016,5.7,38        ,68420
1241,The Lost City of Z,2016,6.6,78        ,67650
1242,Jackie,2016,6.7,81        ,66773
1243,Trolls,2016,6.5,56        ,64093
1244,Underworld: Blood Wars,2016,5.8,23        ,63796
1245,Café Society,2016,6.6,64        ,63399
1246,The Infiltrator,2016,7.0,66        ,62251
1247,Bridget Jones's Baby,2016,6.5,59        ,61204
1248,Triple 9,2016,6.3,52        ,60955
1249,Zoolander 2,2016,4.7,34        ,60499
1250,Office Christmas Party,2016,5.8,42        ,60162
1251,Paterson,2016,7.4,90        ,56603
1252,The Finest Hours,2016,6.7,58        ,56568
1253,Elle,2016,7.1,89        ,55333
1254,Miss Sloane,2016,7.5,64        ,53975
1255,Blood Father,2016,6.4,66        ,52950
1256,Criminal,2016,6.3,36        ,52517
1257,Keeping Up with the Joneses,2016,5.9,34        ,52377
1258,Colossal,2016,6.2,70        ,51663
1259,Gold,2016,6.7,49        ,51156
1260,Storks,2016,6.8,56        ,51051
1261,Grave,2016,7.0,81        ,50835
1262,Ice Age: Collision Course,2016,5.7,34        ,49896
1263,Pete's Dragon,2016,6.7,71        ,49846
1264,The Fundamentals of Caring,2016,7.3,55        ,49747
1265,Ride Along 2,2016,5.9,32        ,49342
1266,Everybody Wants Some!!,2016,6.9,83        ,48223
1267,Popstar: Never Stop Never Stopping,2016,6.7,68        ,48091
1268,Ouija: Origin of Evil,2016,6.1,65        ,47964
1269,Live by Night,2016,6.4,49        ,47752
1270,The Girl with All the Gifts,2016,6.6,67        ,47611
1271,The Light Between Oceans,2016,7.2,60        ,47065
1272,Pride and Prejudice and Zombies,2016,5.8,45        ,46826
1273,Whiskey Tango Foxtrot,2016,6.6,57        ,46631
1274,Masterminds,2016,5.8,47        ,45806
1275,Free State of Jones,2016,6.9,53        ,45799
1276,Florence Foster Jenkins,2016,6.8,71        ,45543
1277,"I, Daniel Blake",2016,7.9,78        ,44933
1278,Forushande,2016,7.8,85        ,42398
1279,Keanu,2016,6.3,63        ,42228
1280,The Boss,2016,5.4,40        ,39699
1281,The Belko Experiment,2016,6.1,44        ,38970
1282,Anthropoid,2016,7.2,59        ,38732
1283,Toni Erdmann,2016,7.4,93        ,38652
1284,Ben-Hur,2016,5.7,38        ,38393
1285,Imperium,2016,6.5,68        ,37542
1286,Blair Witch,2016,5.0,47        ,37436
1287,The Forest,2016,4.8,34        ,36837
1288,Gok-seong,2016,7.4,81        ,36701
1289,Free Fire,2016,6.4,63        ,36548
1290,A Hologram for the King,2016,6.1,58        ,36497
1291,Morgan,2016,5.8,48        ,35950
1292,Meet the Blacks,2016,4.9,26        ,34838
1293,The Do-Over,2016,5.7,22        ,34306
1294,Before I Wake,2016,6.2,68        ,33608
1295,20th Century Women,2016,7.3,83        ,32979
1296,American Honey,2016,7.0,79        ,32418
1297,Logan,2017,8.1,77        ,572132
1298,Thor: Ragnarok,2017,7.9,74        ,501290
1299,Guardians of the Galaxy Vol. 2,2017,7.6,67        ,497543
1300,Wonder Woman,2017,7.4,76        ,496139
1301,Dunkirk,2017,7.9,94        ,476376
1302,Star Wars: Episode VIII - The Last Jedi,2017,7.1,85        ,470713
1303,Spider-Man: Homecoming,2017,7.5,73        ,445996
1304,Get Out,2017,7.7,84        ,414485
1305,Blade Runner 2049,2017,8.0,81        ,385983
1306,Baby Driver,2017,7.6,86        ,376097
1307,It,2017,7.4,69        ,373624
1308,"Three Billboards Outside Ebbing, Missouri",2017,8.2,88        ,354349
1309,Justice League,2017,6.4,45        ,335786
1310,The Shape of Water,2017,7.3,87        ,316224
1311,John Wick: Chapter 2,2017,7.5,75        ,305739
1312,Coco,2017,8.4,81        ,289610
1313,Jumanji: Welcome to the Jungle,2017,6.9,58        ,250042
1314,Beauty and the Beast,2017,7.2,65        ,243214
1315,Kong: Skull Island,2017,6.6,62        ,242895
1316,Kingsman: The Golden Circle,2017,6.8,44        ,236240
1317,Pirates of the Caribbean: Dead Men Tell No Tales,2017,6.6,39        ,232861
1318,Alien: Covenant,2017,6.4,65        ,230664
1319,War for the Planet of the Apes,2017,7.4,82        ,205457
1320,The Greatest Showman,2017,7.6,48        ,204113
1321,Life,2017,6.6,54        ,185762
1322,The Fate of the Furious,2017,6.7,56        ,184247
1323,Lady Bird,2017,7.4,94        ,182932
1324,Murder on the Orient Express,2017,6.5,52        ,181870
1325,Ghost in the Shell,2017,6.4,52        ,179536
1326,Wind River,2017,7.7,73        ,173219
1327,King Arthur: Legend of the Sword,2017,6.8,41        ,171726
1328,The Hitman's Bodyguard,2017,6.9,47        ,164758
1329,Mother!,2017,6.6,75        ,161155
1330,Call Me by Your Name,2017,7.9,93        ,159101
1331,The Mummy,2017,5.5,34        ,157421
1332,Atomic Blonde,2017,6.7,63        ,153934
1333,Bright,2017,6.4,29        ,150442
1334,"I, Tonya",2017,7.5,77        ,146341
1335,Valerian and the City of a Thousand Planets,2017,6.5,51        ,143042
1336,Baywatch,2017,5.5,37        ,141276
1337,Darkest Hour,2017,7.4,75        ,139757
1338,American Made,2017,7.1,65        ,135380
1339,Transformers: The Last Knight,2017,5.2,27        ,121441
1340,The Lego Batman Movie,2017,7.3,75        ,118582
1341,Wonder,2017,8.0,66        ,114616
1342,The Disaster Artist,2017,7.4,76        ,114535
1343,The Dark Tower,2017,5.6,34        ,112239
1344,The Post,2017,7.2,83        ,110568
1345,Logan Lucky,2017,7.0,78        ,108457
1346,Molly's Game,2017,7.5,71        ,108079
1347,The Big Sick,2017,7.6,86        ,106127
1348,T2 Trainspotting,2017,7.2,67        ,98926
1349,Despicable Me 3,2017,6.3,49        ,95657
1350,The Boss Baby,2017,6.3,50        ,95595
1351,Annabelle: Creation,2017,6.5,62        ,95234
1352,Power Rangers,2017,5.9,44        ,94130
1353,The Killing of a Sacred Deer,2017,7.0,73        ,93495
1354,Happy Death Day,2017,6.5,58        ,91769
1355,Phantom Thread,2017,7.5,90        ,88177
1356,What Happened to Monday,2017,6.9,47        ,87221
1357,Gifted,2017,7.6,60        ,84994
1358,The Foreigner,2017,7.0,55        ,83513
1359,Fifty Shades Darker,2017,4.6,33        ,82950
1360,Geostorm,2017,5.3,21        ,80119
1361,xXx: Return of Xander Cage,2017,5.2,42        ,79018
1362,Downsizing,2017,5.7,63        ,78566
1363,You Were Never Really Here,2017,6.8,84        ,74375
1364,The Florida Project,2017,7.6,92        ,74124
1365,The Circle,2017,5.3,43        ,73963
1366,Okja,2017,7.3,75        ,73956
1367,It Comes at Night,2017,6.2,78        ,70542
1368,Gerald's Game,2017,6.6,77        ,68500
1369,Death Note,2017,4.5,43        ,67923
1370,Going in Style,2017,6.6,50        ,67615
1371,The Death of Stalin,2017,7.2,88        ,65322
1372,All the Money in the World,2017,6.8,72        ,61826
1373,Cars 3,2017,6.7,59        ,61726
1374,Shot Caller,2017,7.3,59        ,60322
1375,American Assassin,2017,6.2,45        ,59047
1376,Jigsaw,2017,5.8,39        ,58584
1377,The Mountain Between Us,2017,6.4,48        ,58120
1378,The Ritual,2017,6.3,57        ,58078
1379,A Dog's Purpose,2017,7.1,43        ,55852
1380,Hostiles,2017,7.2,65        ,55428
1381,Good Time,2017,7.3,80        ,54428
1382,Daddy's Home 2,2017,6.0,30        ,50443
1383,The Snowman,2017,5.1,23        ,49347
1384,The Emoji Movie,2017,3.2,12        ,49244
1385,Paddington 2,2017,7.8,88        ,47966
1386,A Ghost Story,2017,6.8,84        ,47613
1387,Brawl in Cell Block 99,2017,7.1,79        ,47337
1388,Only the Brave,2017,7.7,72        ,46928
1389,Pitch Perfect 3,2017,5.8,40        ,46398
1390,The Square,2017,7.2,73        ,45212
1391,Battle of the Sexes,2017,6.7,73        ,44177
1392,The Beguiled,2017,6.3,77        ,44063
1393,The Space Between Us,2017,6.4,33        ,42247
1394,Detroit,2017,7.3,77        ,41326
1395,Ferdinand,2017,6.7,58        ,41312
1396,Loving Vincent,2017,7.8,62        ,41195
1397,Rough Night,2017,5.2,51        ,40732
1398,47 Meters Down,2017,5.6,52        ,40557
1399,Before I Fall,2017,6.4,58        ,40072
1400,I Don't Feel at Home in This World Anymore.,2017,6.9,75        ,39275
1401,1922,2017,6.3,70        ,38713
1402,CHIPS,2017,6.0,28        ,37903
1403,Jungle,2017,6.7,48        ,36891
1404,Fist Fight,2017,5.6,37        ,35722
1405,Papillon,2017,7.1,51        ,35637
1406,War Machine,2017,6.0,56        ,35492
1407,First Reformed,2017,7.1,85        ,35475
1408,Flatliners,2017,5.2,27        ,34701
1409,The House,2017,5.6,30        ,34698
1410,Rings,2017,4.5,25        ,34691
1411,Mudbound,2017,7.4,85        ,34588
1412,Stronger,2017,6.9,76        ,34451
1413,A Bad Moms Christmas,2017,5.5,42        ,33911
1414,To the Bone,2017,6.8,64        ,33718
1415,The Zookeeper's Wife,2017,7.0,57        ,32722
1416,Suburbicon,2017,5.6,42        ,32282
1417,The Meyerowitz Stories (New and Selected),2017,6.9,79        ,30781
1418,Snatched,2017,4.5,45        ,30552
1419,The Upside,2017,6.8,46        ,30313
1420,Girls Trip,2017,6.2,71        ,30114
1421,Icarus,2017,7.9,68        ,30041
1422,Kidnap,2017,5.9,44        ,29556
1423,Cargo,2017,6.3,65        ,28424
1424,Revenge,2017,6.3,81        ,28131
1425,Ingrid Goes West,2017,6.6,71        ,27895
1426,"Everything, Everything",2017,6.4,52        ,27857
1427,The Wife,2017,7.2,77        ,27042
1428,The Shack,2017,6.3,32        ,26558
1429,Thoroughbreds,2017,6.7,75        ,26310
1430,Sleepless,2017,5.6,34        ,26296
1431,Victoria & Abdul,2017,6.8,58        ,26080
1432,The Discovery,2017,6.3,54        ,25049
1433,Ghost Stories,2017,6.4,68        ,24583
1434,Unlocked,2017,6.2,46        ,24448
1435,The Glass Castle,2017,7.2,56        ,24381
1436,"Roman J. Israel, Esq.",2017,6.4,58        ,24251
1437,I Kill Giants,2017,6.2,74        ,24210
1438,Nelyubov,2017,7.6,86        ,24136
1439,Home Again,2017,5.8,41        ,23436
1440,Table 19,2017,5.8,40        ,23326
1441,Avengers: Infinity War,2018,8.5,68        ,697235
1442,Black Panther,2018,7.3,88        ,533652
1443,Deadpool 2,2018,7.7,66        ,407928
1444,Bohemian Rhapsody,2018,8.0,49        ,370145
1445,A Quiet Place,2018,7.5,82        ,316959
1446,Ready Player One,2018,7.5,64        ,311615
1447,Venom,2018,6.7,35        ,296567
1448,Aquaman,2018,7.1,55        ,284163
1449,A Star Is Born,2018,7.7,88        ,268055
1450,Ant-Man and the Wasp,2018,7.1,70        ,256215
1451,Spider-Man: Into the Spider-Verse,2018,8.5,87        ,245994
1452,Mission: Impossible - Fallout,2018,7.8,86        ,242911
1453,Annihilation,2018,6.9,79        ,235612
1454,Solo: A Star Wars Story,2018,7.0,62        ,233412
1455,Green Book,2018,8.2,69        ,230492
1456,Bird Box,2018,6.6,51        ,229321
1457,Jurassic World: Fallen Kingdom,2018,6.2,51        ,226363
1458,Incredibles 2,2018,7.7,80        ,212186
1459,Fantastic Beasts: The Crimes of Grindelwald,2018,6.6,52        ,173786
1460,Game Night,2018,6.9,66        ,168663
1461,Tomb Raider,2018,6.3,48        ,167422
1462,Hereditary,2018,7.3,87        ,165606
1463,BlacKkKlansman,2018,7.5,83        ,159396
1464,Ocean's Eight,2018,6.2,61        ,150523
1465,Red Sparrow,2018,6.6,53        ,140867
1466,First Man,2018,7.3,84        ,130559
1467,The Favourite,2018,7.6,90        ,126005
1468,The Meg,2018,5.7,46        ,121758
1469,Rampage,2018,6.1,45        ,120089
1470,Isle of Dogs,2018,7.9,82        ,112596
1471,Upgrade,2018,7.5,67        ,111814
1472,Roma,2018,7.8,96        ,111380
1473,Searching,2018,7.7,71        ,106297
1474,Crazy Rich Asians,2018,6.9,74        ,105165
1475,The Equalizer 2,2018,6.7,50        ,103719
1476,Bumblebee,2018,6.8,66        ,102611
1477,Sicario: Day of the Soldado,2018,7.1,61        ,100211
1478,The Predator,2018,5.4,48        ,99205
1479,Ralph Breaks the Internet,2018,7.1,71        ,97577
1480,Bad Times at the El Royale,2018,7.1,60        ,96738
1481,The Nun,2018,5.4,46        ,96495
1482,Halloween,2018,6.6,67        ,94286
1483,Maze Runner: The Death Cure,2018,6.2,50        ,94044
1484,The Ballad of Buster Scruggs,2018,7.3,79        ,92276
1485,Pacific Rim: Uprising,2018,5.6,44        ,91883
1486,A Simple Favor,2018,6.8,67        ,90777
1487,Tag,2018,6.5,56        ,90410
1488,The Commuter,2018,6.3,56        ,85917
1489,Skyscraper,2018,5.8,51        ,85425
1490,The Cloverfield Paradox,2018,5.5,37        ,84860
1491,"Love, Simon",2018,7.6,72        ,84271
1492,Vice,2018,7.2,61        ,82784
1493,Creed II,2018,7.2,66        ,79246
1494,Mortal Engines,2018,6.1,44        ,76216
1495,Den of Thieves,2018,7.0,49        ,71923
1496,The Mule,2018,7.0,58        ,68569
1497,Widows,2018,6.9,84        ,67216
1498,To All the Boys I've Loved Before,2018,7.2,64        ,66144
1499,Mamma Mia! Here We Go Again,2018,6.7,60        ,63541
1500,Overlord,2018,6.7,60        ,61777
1501,Blockers,2018,6.2,69        ,59262
1502,Mary Poppins Returns,2018,6.8,66        ,58580
1503,Christopher Robin,2018,7.3,60        ,56025
1504,The Spy Who Dumped Me,2018,6.0,52        ,53443
1505,Instant Family,2018,7.3,57        ,52854
1506,Death Wish,2018,6.4,31        ,52328
1507,12 Strong,2018,6.6,54        ,52177
1508,Mile 22,2018,6.1,38        ,51662
1509,Johnny English Strikes Again,2018,6.2,39        ,50088
1510,Mowgli,2018,6.5,51        ,47327
1511,Outlaw King,2018,6.9,59        ,46877
1512,Mandy,2018,6.6,81        ,46836
1513,Robin Hood,2018,5.3,32        ,46637
1514,Eighth Grade,2018,7.5,89        ,46298
1515,Fifty Shades Freed,2018,4.5,31        ,45269
1516,Hotel Transylvania 3: Summer Vacation,2018,6.3,54        ,44511
1517,Alpha,2018,6.7,63        ,44439
1518,Insidious: The Last Key,2018,5.7,49        ,43774
1519,The First Purge,2018,5.1,54        ,43668
1520,Sorry to Bother You,2018,7.0,80        ,43569
1521,Tully,2018,7.0,75        ,42886
1522,Suspiria,2018,6.8,64        ,41855
1523,I Feel Pretty,2018,5.5,48        ,41331
1524,The House That Jack Built,2018,6.8,42        ,39542
1525,Peppermint,2018,6.5,29        ,38612
1526,Extinction,2018,5.8,40        ,38417
1527,Hunter Killer,2018,6.6,43        ,37401
1528,How It Ends,2018,5.0,36        ,37321
1529,Free Solo,2018,8.2,83        ,36516
1530,Adrift,2018,6.6,56        ,36293
1531,Leave No Trace,2018,7.2,88        ,35865
1532,A Wrinkle in Time,2018,4.2,53        ,35801
1533,Les frères Sisters,2018,7.0,78        ,35736
1534,When We First Met,2018,6.4,36        ,35690
1535,The Christmas Chronicles,2018,7.1,52        ,35596
1536,Zimna wojna,2018,7.6,90        ,35551
1537,Manbiki kazoku,2018,8.0,93        ,35218
1538,Truth or Dare,2018,5.1,35        ,35197
1539,The House with a Clock in Its Walls,2018,6.0,57        ,35107
1540,Set It Up,2018,6.5,62        ,33548
1541,Beautiful Boy,2018,7.3,62        ,33499
1542,Unsane,2018,6.4,63        ,33217
1543,Hotel Artemis,2018,6.1,58        ,33107
1544,Can You Ever Forgive Me?,2018,7.1,87        ,32846
1545,The Grinch,2018,6.3,51        ,32189
1546,Apostle,2018,6.3,62        ,31688
1547,The Girl in the Spider's Web,2018,6.1,43        ,31073
1548,American Animals,2018,7.0,68        ,30631
1549,Anon,2018,6.1,54        ,30234
1550,The Old Man & the Gun,2018,6.7,80        ,29406
1551,Peter Rabbit,2018,6.5,51        ,28737
1552,Den skyldige,2018,7.5,83        ,28606
1553,Sierra Burgess Is a Loser,2018,5.9,60        ,28596
1554,If Beale Street Could Talk,2018,7.2,87        ,28357
1555,Climax,2018,7.2,67        ,28139
1556,Mid90s,2018,7.4,66        ,28093
1557,Hold the Dark,2018,5.6,63        ,27729
1558,Overboard,2018,5.9,42        ,27242
1559,Life of the Party,2018,5.6,46        ,27037
1560,Hotel Mumbai,2018,7.6,64        ,26514
1561,Beoning,2018,7.6,90        ,26210
1562,Mary Queen of Scots,2018,6.3,60        ,26194
1563,Night School,2018,5.6,43        ,26008
1564,Mute,2018,5.4,35        ,25945
1565,Smallfoot,2018,6.6,60        ,25496
1566,Winchester,2018,5.4,28        ,25091
1567,Arctic,2018,6.8,71        ,24691
1568,The Titan,2018,4.8,33        ,24432
1569,Capharnaüm,2018,8.5,75        ,24399
1570,Summer of 84,2018,6.7,57        ,24160
1571,Padmaavat,2018,7.0,63        ,23982
1572,The Guernsey Literary and Potato Peel Pie Society,2018,7.4,65        ,23891
1573,Braven,2018,6.1,61        ,23780
1574,The Darkest Minds,2018,5.7,39        ,23055
1575,The 15:17 to Paris,2018,5.2,45        ,22916
1576,The Strangers: Prey at Night,2018,5.2,48        ,22427
1577,Operation Finale,2018,6.5,58        ,22178
1578,"Game Over, Man!",2018,5.4,32        ,22131
1579,Gringo,2018,6.1,46        ,22037
1580,The Perfection,2018,6.1,60        ,21818
1581,Dumplin',2018,6.7,53        ,21613
1582,Tau,2018,5.8,43        ,21172
1583,Slender Man,2018,3.2,30        ,21151
1584,Boy Erased,2018,7.0,69        ,21076
1585,The Nutcracker and the Four Realms,2018,5.5,39        ,21038
1586,Super Troopers 2,2018,6.1,41        ,20871
1587,22 July,2018,6.7,69        ,20804
1588,Under the Silver Lake,2018,6.5,60        ,20612
1589,Replicas,2018,5.4,19        ,20538
1590,Todos lo saben,2018,7.0,68        ,20511
1591,Holmes & Watson,2018,3.8,24        ,20335
1592,The Hate U Give,2018,7.3,81        ,20306
1593,Dragged Across Concrete,2018,7.0,60        ,20194
1594,Book Club,2018,6.1,53        ,20147
1595,Stan & Ollie,2018,7.2,75        ,20042
1596,Blindspotting,2018,7.4,77        ,18767
